{"cameraMode":{"drawMode":0,"name":"Shaded","section":"Shading Mode"},"sceneLighting":true,"audioPlay":false,"sceneViewState":{"m_AlwaysRefresh":false,"showFog":true,"showSkybox":true,"showFlares":true,"showImageEffects":true,"showParticleSystems":true,"showVisualEffectGraphs":true,"m_FxEnabled":true},"in2DMode":false,"pivot":{"x":25.808551788330079,"y":1.4267827272415162,"z":-9.366519927978516},"rotation":{"x":-0.13697576522827149,"y":-0.1991756409406662,"z":0.028447052463889123,"w":-0.9703083634376526},"size":1.2247449159622193,"orthographic":false}